package,ondiskversion,loadedversion,path,loadedpath,attached,is_base,date,source,md5ok,library
assertthat,0.2.1,0.2.1,/Library/Frameworks/R.framework/Versions/3.6/Resources/library/assertthat,/Library/Frameworks/R.framework/Versions/3.6/Resources/library/assertthat,FALSE,FALSE,2019-03-21,CRAN (R 3.6.0),NA,/Library/Frameworks/R.framework/Versions/3.6/Resources/library
backports,1.1.4,1.1.4,/Library/Frameworks/R.framework/Versions/3.6/Resources/library/backports,/Library/Frameworks/R.framework/Versions/3.6/Resources/library/backports,FALSE,FALSE,2019-04-10,CRAN (R 3.6.0),NA,/Library/Frameworks/R.framework/Versions/3.6/Resources/library
bitops,1.0.6,1.0-6,/Library/Frameworks/R.framework/Versions/3.6/Resources/library/bitops,/Library/Frameworks/R.framework/Versions/3.6/Resources/library/bitops,FALSE,FALSE,2013-08-17,CRAN (R 3.6.0),NA,/Library/Frameworks/R.framework/Versions/3.6/Resources/library
broman,0.69.5,0.69-5,/Library/Frameworks/R.framework/Versions/3.6/Resources/library/broman,/Library/Frameworks/R.framework/Versions/3.6/Resources/library/broman,TRUE,FALSE,2019-04-11,CRAN (R 3.6.0),NA,/Library/Frameworks/R.framework/Versions/3.6/Resources/library
broom,0.5.2,0.5.2,/Library/Frameworks/R.framework/Versions/3.6/Resources/library/broom,/Library/Frameworks/R.framework/Versions/3.6/Resources/library/broom,FALSE,FALSE,2019-04-07,CRAN (R 3.6.0),NA,/Library/Frameworks/R.framework/Versions/3.6/Resources/library
callr,3.3.1,3.3.1,/Library/Frameworks/R.framework/Versions/3.6/Resources/library/callr,/Library/Frameworks/R.framework/Versions/3.6/Resources/library/callr,FALSE,FALSE,2019-07-18,CRAN (R 3.6.0),NA,/Library/Frameworks/R.framework/Versions/3.6/Resources/library
caTools,1.17.1.2,1.17.1.2,/Library/Frameworks/R.framework/Versions/3.6/Resources/library/caTools,/Library/Frameworks/R.framework/Versions/3.6/Resources/library/caTools,FALSE,FALSE,2019-03-06,CRAN (R 3.6.0),NA,/Library/Frameworks/R.framework/Versions/3.6/Resources/library
cellranger,1.1.0,1.1.0,/Library/Frameworks/R.framework/Versions/3.6/Resources/library/cellranger,/Library/Frameworks/R.framework/Versions/3.6/Resources/library/cellranger,FALSE,FALSE,2016-07-27,CRAN (R 3.6.0),NA,/Library/Frameworks/R.framework/Versions/3.6/Resources/library
cli,1.1.0,1.1.0,/Library/Frameworks/R.framework/Versions/3.6/Resources/library/cli,/Library/Frameworks/R.framework/Versions/3.6/Resources/library/cli,FALSE,FALSE,2019-03-19,CRAN (R 3.6.0),NA,/Library/Frameworks/R.framework/Versions/3.6/Resources/library
cluster,2.1.0,2.1.0,/Library/Frameworks/R.framework/Versions/3.6/Resources/library/cluster,/Library/Frameworks/R.framework/Versions/3.6/Resources/library/cluster,FALSE,FALSE,2019-06-19,CRAN (R 3.6.1),NA,/Library/Frameworks/R.framework/Versions/3.6/Resources/library
codetools,0.2.16,0.2-16,/Library/Frameworks/R.framework/Versions/3.6/Resources/library/codetools,/Library/Frameworks/R.framework/Versions/3.6/Resources/library/codetools,FALSE,FALSE,2018-12-24,CRAN (R 3.6.1),NA,/Library/Frameworks/R.framework/Versions/3.6/Resources/library
colorspace,1.4.1,1.4-1,/Library/Frameworks/R.framework/Versions/3.6/Resources/library/colorspace,/Library/Frameworks/R.framework/Versions/3.6/Resources/library/colorspace,FALSE,FALSE,2019-03-18,CRAN (R 3.6.0),NA,/Library/Frameworks/R.framework/Versions/3.6/Resources/library
crayon,1.3.4,1.3.4,/Library/Frameworks/R.framework/Versions/3.6/Resources/library/crayon,/Library/Frameworks/R.framework/Versions/3.6/Resources/library/crayon,FALSE,FALSE,2017-09-16,CRAN (R 3.6.0),NA,/Library/Frameworks/R.framework/Versions/3.6/Resources/library
crosstalk,1.0.0,1.0.0,/Library/Frameworks/R.framework/Versions/3.6/Resources/library/crosstalk,/Library/Frameworks/R.framework/Versions/3.6/Resources/library/crosstalk,FALSE,FALSE,2016-12-21,CRAN (R 3.6.0),NA,/Library/Frameworks/R.framework/Versions/3.6/Resources/library
data.table,1.12.2,1.12.2,/Library/Frameworks/R.framework/Versions/3.6/Resources/library/data.table,/Library/Frameworks/R.framework/Versions/3.6/Resources/library/data.table,FALSE,FALSE,2019-04-07,CRAN (R 3.6.0),NA,/Library/Frameworks/R.framework/Versions/3.6/Resources/library
dendextend,1.12.0,1.12.0,/Library/Frameworks/R.framework/Versions/3.6/Resources/library/dendextend,/Library/Frameworks/R.framework/Versions/3.6/Resources/library/dendextend,FALSE,FALSE,2019-05-11,CRAN (R 3.6.0),NA,/Library/Frameworks/R.framework/Versions/3.6/Resources/library
desc,1.2.0,1.2.0,/Library/Frameworks/R.framework/Versions/3.6/Resources/library/desc,/Library/Frameworks/R.framework/Versions/3.6/Resources/library/desc,FALSE,FALSE,2018-05-01,CRAN (R 3.6.0),NA,/Library/Frameworks/R.framework/Versions/3.6/Resources/library
devtools,2.1.0,2.1.0,/Library/Frameworks/R.framework/Versions/3.6/Resources/library/devtools,/Library/Frameworks/R.framework/Versions/3.6/Resources/library/devtools,FALSE,FALSE,2019-07-06,CRAN (R 3.6.0),NA,/Library/Frameworks/R.framework/Versions/3.6/Resources/library
digest,0.6.20,0.6.20,/Library/Frameworks/R.framework/Versions/3.6/Resources/library/digest,/Library/Frameworks/R.framework/Versions/3.6/Resources/library/digest,FALSE,FALSE,2019-07-04,CRAN (R 3.6.0),NA,/Library/Frameworks/R.framework/Versions/3.6/Resources/library
dplyr,0.8.3,0.8.3,/Library/Frameworks/R.framework/Versions/3.6/Resources/library/dplyr,/Library/Frameworks/R.framework/Versions/3.6/Resources/library/dplyr,TRUE,FALSE,2019-07-04,CRAN (R 3.6.0),NA,/Library/Frameworks/R.framework/Versions/3.6/Resources/library
evaluate,0.14,0.14,/Library/Frameworks/R.framework/Versions/3.6/Resources/library/evaluate,/Library/Frameworks/R.framework/Versions/3.6/Resources/library/evaluate,FALSE,FALSE,2019-05-28,CRAN (R 3.6.0),NA,/Library/Frameworks/R.framework/Versions/3.6/Resources/library
forcats,0.4.0,0.4.0,/Library/Frameworks/R.framework/Versions/3.6/Resources/library/forcats,/Library/Frameworks/R.framework/Versions/3.6/Resources/library/forcats,TRUE,FALSE,2019-02-17,CRAN (R 3.6.0),NA,/Library/Frameworks/R.framework/Versions/3.6/Resources/library
foreach,1.4.4,1.4.4,/Library/Frameworks/R.framework/Versions/3.6/Resources/library/foreach,/Library/Frameworks/R.framework/Versions/3.6/Resources/library/foreach,FALSE,FALSE,2017-12-12,CRAN (R 3.6.0),NA,/Library/Frameworks/R.framework/Versions/3.6/Resources/library
fs,1.3.1,1.3.1,/Library/Frameworks/R.framework/Versions/3.6/Resources/library/fs,/Library/Frameworks/R.framework/Versions/3.6/Resources/library/fs,FALSE,FALSE,2019-05-06,CRAN (R 3.6.0),NA,/Library/Frameworks/R.framework/Versions/3.6/Resources/library
gclus,1.3.2,1.3.2,/Library/Frameworks/R.framework/Versions/3.6/Resources/library/gclus,/Library/Frameworks/R.framework/Versions/3.6/Resources/library/gclus,FALSE,FALSE,2019-01-07,CRAN (R 3.6.0),NA,/Library/Frameworks/R.framework/Versions/3.6/Resources/library
gdata,2.18.0,2.18.0,/Library/Frameworks/R.framework/Versions/3.6/Resources/library/gdata,/Library/Frameworks/R.framework/Versions/3.6/Resources/library/gdata,FALSE,FALSE,2017-06-06,CRAN (R 3.6.0),NA,/Library/Frameworks/R.framework/Versions/3.6/Resources/library
gdtools,0.1.9,0.1.9,/Library/Frameworks/R.framework/Versions/3.6/Resources/library/gdtools,/Library/Frameworks/R.framework/Versions/3.6/Resources/library/gdtools,TRUE,FALSE,2019-06-18,CRAN (R 3.6.0),NA,/Library/Frameworks/R.framework/Versions/3.6/Resources/library
generics,0.0.2,0.0.2,/Library/Frameworks/R.framework/Versions/3.6/Resources/library/generics,/Library/Frameworks/R.framework/Versions/3.6/Resources/library/generics,FALSE,FALSE,2018-11-29,CRAN (R 3.6.0),NA,/Library/Frameworks/R.framework/Versions/3.6/Resources/library
ggplot2,3.2.0,3.2.0,/Library/Frameworks/R.framework/Versions/3.6/Resources/library/ggplot2,/Library/Frameworks/R.framework/Versions/3.6/Resources/library/ggplot2,TRUE,FALSE,2019-06-16,CRAN (R 3.6.0),NA,/Library/Frameworks/R.framework/Versions/3.6/Resources/library
glue,1.3.1,1.3.1,/Library/Frameworks/R.framework/Versions/3.6/Resources/library/glue,/Library/Frameworks/R.framework/Versions/3.6/Resources/library/glue,FALSE,FALSE,2019-03-12,CRAN (R 3.6.0),NA,/Library/Frameworks/R.framework/Versions/3.6/Resources/library
gplots,3.0.1.1,3.0.1.1,/Library/Frameworks/R.framework/Versions/3.6/Resources/library/gplots,/Library/Frameworks/R.framework/Versions/3.6/Resources/library/gplots,FALSE,FALSE,2019-01-27,CRAN (R 3.6.0),NA,/Library/Frameworks/R.framework/Versions/3.6/Resources/library
gridExtra,2.3,2.3,/Library/Frameworks/R.framework/Versions/3.6/Resources/library/gridExtra,/Library/Frameworks/R.framework/Versions/3.6/Resources/library/gridExtra,FALSE,FALSE,2017-09-09,CRAN (R 3.6.0),NA,/Library/Frameworks/R.framework/Versions/3.6/Resources/library
gtable,0.3.0,0.3.0,/Library/Frameworks/R.framework/Versions/3.6/Resources/library/gtable,/Library/Frameworks/R.framework/Versions/3.6/Resources/library/gtable,FALSE,FALSE,2019-03-25,CRAN (R 3.6.0),NA,/Library/Frameworks/R.framework/Versions/3.6/Resources/library
gtools,3.8.1,3.8.1,/Library/Frameworks/R.framework/Versions/3.6/Resources/library/gtools,/Library/Frameworks/R.framework/Versions/3.6/Resources/library/gtools,FALSE,FALSE,2018-06-26,CRAN (R 3.6.0),NA,/Library/Frameworks/R.framework/Versions/3.6/Resources/library
haven,2.1.1,2.1.1,/Library/Frameworks/R.framework/Versions/3.6/Resources/library/haven,/Library/Frameworks/R.framework/Versions/3.6/Resources/library/haven,FALSE,FALSE,2019-07-04,CRAN (R 3.6.0),NA,/Library/Frameworks/R.framework/Versions/3.6/Resources/library
heatmaply,1.0.0,1.0.0,/Library/Frameworks/R.framework/Versions/3.6/Resources/library/heatmaply,/Library/Frameworks/R.framework/Versions/3.6/Resources/library/heatmaply,TRUE,FALSE,2019-07-26,Github (talgalili/heatmaply@a352dff),NA,/Library/Frameworks/R.framework/Versions/3.6/Resources/library
here,0.1,0.1,/Library/Frameworks/R.framework/Versions/3.6/Resources/library/here,/Library/Frameworks/R.framework/Versions/3.6/Resources/library/here,TRUE,FALSE,2017-05-28,CRAN (R 3.6.0),NA,/Library/Frameworks/R.framework/Versions/3.6/Resources/library
highr,0.8,0.8,/Library/Frameworks/R.framework/Versions/3.6/Resources/library/highr,/Library/Frameworks/R.framework/Versions/3.6/Resources/library/highr,FALSE,FALSE,2019-03-20,CRAN (R 3.6.0),NA,/Library/Frameworks/R.framework/Versions/3.6/Resources/library
hms,0.5.0,0.5.0,/Library/Frameworks/R.framework/Versions/3.6/Resources/library/hms,/Library/Frameworks/R.framework/Versions/3.6/Resources/library/hms,FALSE,FALSE,2019-07-09,CRAN (R 3.6.0),NA,/Library/Frameworks/R.framework/Versions/3.6/Resources/library
htmltools,0.3.6,0.3.6,/Library/Frameworks/R.framework/Versions/3.6/Resources/library/htmltools,/Library/Frameworks/R.framework/Versions/3.6/Resources/library/htmltools,FALSE,FALSE,2017-04-28,CRAN (R 3.6.0),NA,/Library/Frameworks/R.framework/Versions/3.6/Resources/library
htmlwidgets,1.3,1.3,/Library/Frameworks/R.framework/Versions/3.6/Resources/library/htmlwidgets,/Library/Frameworks/R.framework/Versions/3.6/Resources/library/htmlwidgets,FALSE,FALSE,2018-09-30,CRAN (R 3.6.0),NA,/Library/Frameworks/R.framework/Versions/3.6/Resources/library
httpuv,1.5.1,1.5.1,/Library/Frameworks/R.framework/Versions/3.6/Resources/library/httpuv,/Library/Frameworks/R.framework/Versions/3.6/Resources/library/httpuv,FALSE,FALSE,2019-04-05,CRAN (R 3.6.0),NA,/Library/Frameworks/R.framework/Versions/3.6/Resources/library
httr,1.4.0,1.4.0,/Library/Frameworks/R.framework/Versions/3.6/Resources/library/httr,/Library/Frameworks/R.framework/Versions/3.6/Resources/library/httr,FALSE,FALSE,2018-12-11,CRAN (R 3.6.0),NA,/Library/Frameworks/R.framework/Versions/3.6/Resources/library
iterators,1.0.10,1.0.10,/Library/Frameworks/R.framework/Versions/3.6/Resources/library/iterators,/Library/Frameworks/R.framework/Versions/3.6/Resources/library/iterators,FALSE,FALSE,2018-07-13,CRAN (R 3.6.0),NA,/Library/Frameworks/R.framework/Versions/3.6/Resources/library
jsonlite,1.6,1.6,/Library/Frameworks/R.framework/Versions/3.6/Resources/library/jsonlite,/Library/Frameworks/R.framework/Versions/3.6/Resources/library/jsonlite,FALSE,FALSE,2018-12-07,CRAN (R 3.6.0),NA,/Library/Frameworks/R.framework/Versions/3.6/Resources/library
KernSmooth,2.23.15,2.23-15,/Library/Frameworks/R.framework/Versions/3.6/Resources/library/KernSmooth,/Library/Frameworks/R.framework/Versions/3.6/Resources/library/KernSmooth,FALSE,FALSE,2015-06-29,CRAN (R 3.6.1),NA,/Library/Frameworks/R.framework/Versions/3.6/Resources/library
knitr,1.23,1.23,/Library/Frameworks/R.framework/Versions/3.6/Resources/library/knitr,/Library/Frameworks/R.framework/Versions/3.6/Resources/library/knitr,TRUE,FALSE,2019-05-18,CRAN (R 3.6.0),NA,/Library/Frameworks/R.framework/Versions/3.6/Resources/library
labeling,0.3,0.3,/Library/Frameworks/R.framework/Versions/3.6/Resources/library/labeling,/Library/Frameworks/R.framework/Versions/3.6/Resources/library/labeling,FALSE,FALSE,2014-08-23,CRAN (R 3.6.0),NA,/Library/Frameworks/R.framework/Versions/3.6/Resources/library
later,0.8.0,0.8.0,/Library/Frameworks/R.framework/Versions/3.6/Resources/library/later,/Library/Frameworks/R.framework/Versions/3.6/Resources/library/later,FALSE,FALSE,2019-02-11,CRAN (R 3.6.0),NA,/Library/Frameworks/R.framework/Versions/3.6/Resources/library
lattice,0.20.38,0.20-38,/Library/Frameworks/R.framework/Versions/3.6/Resources/library/lattice,/Library/Frameworks/R.framework/Versions/3.6/Resources/library/lattice,FALSE,FALSE,2018-11-04,CRAN (R 3.6.1),NA,/Library/Frameworks/R.framework/Versions/3.6/Resources/library
lazyeval,0.2.2,0.2.2,/Library/Frameworks/R.framework/Versions/3.6/Resources/library/lazyeval,/Library/Frameworks/R.framework/Versions/3.6/Resources/library/lazyeval,FALSE,FALSE,2019-03-15,CRAN (R 3.6.0),NA,/Library/Frameworks/R.framework/Versions/3.6/Resources/library
lubridate,1.7.4,1.7.4,/Library/Frameworks/R.framework/Versions/3.6/Resources/library/lubridate,/Library/Frameworks/R.framework/Versions/3.6/Resources/library/lubridate,FALSE,FALSE,2018-04-11,CRAN (R 3.6.0),NA,/Library/Frameworks/R.framework/Versions/3.6/Resources/library
magrittr,1.5,1.5,/Library/Frameworks/R.framework/Versions/3.6/Resources/library/magrittr,/Library/Frameworks/R.framework/Versions/3.6/Resources/library/magrittr,FALSE,FALSE,2014-11-22,CRAN (R 3.6.0),NA,/Library/Frameworks/R.framework/Versions/3.6/Resources/library
MASS,7.3.51.4,7.3-51.4,/Library/Frameworks/R.framework/Versions/3.6/Resources/library/MASS,/Library/Frameworks/R.framework/Versions/3.6/Resources/library/MASS,FALSE,FALSE,2019-03-31,CRAN (R 3.6.1),NA,/Library/Frameworks/R.framework/Versions/3.6/Resources/library
memoise,1.1.0,1.1.0,/Library/Frameworks/R.framework/Versions/3.6/Resources/library/memoise,/Library/Frameworks/R.framework/Versions/3.6/Resources/library/memoise,FALSE,FALSE,2017-04-21,CRAN (R 3.6.0),NA,/Library/Frameworks/R.framework/Versions/3.6/Resources/library
mime,0.7,0.7,/Library/Frameworks/R.framework/Versions/3.6/Resources/library/mime,/Library/Frameworks/R.framework/Versions/3.6/Resources/library/mime,FALSE,FALSE,2019-06-11,CRAN (R 3.6.0),NA,/Library/Frameworks/R.framework/Versions/3.6/Resources/library
modelr,0.1.4,0.1.4,/Library/Frameworks/R.framework/Versions/3.6/Resources/library/modelr,/Library/Frameworks/R.framework/Versions/3.6/Resources/library/modelr,FALSE,FALSE,2019-02-18,CRAN (R 3.6.0),NA,/Library/Frameworks/R.framework/Versions/3.6/Resources/library
munsell,0.5.0,0.5.0,/Library/Frameworks/R.framework/Versions/3.6/Resources/library/munsell,/Library/Frameworks/R.framework/Versions/3.6/Resources/library/munsell,FALSE,FALSE,2018-06-12,CRAN (R 3.6.0),NA,/Library/Frameworks/R.framework/Versions/3.6/Resources/library
nlme,3.1.140,3.1-140,/Library/Frameworks/R.framework/Versions/3.6/Resources/library/nlme,/Library/Frameworks/R.framework/Versions/3.6/Resources/library/nlme,FALSE,FALSE,2019-05-12,CRAN (R 3.6.1),NA,/Library/Frameworks/R.framework/Versions/3.6/Resources/library
pillar,1.4.2,1.4.2,/Library/Frameworks/R.framework/Versions/3.6/Resources/library/pillar,/Library/Frameworks/R.framework/Versions/3.6/Resources/library/pillar,FALSE,FALSE,2019-06-29,CRAN (R 3.6.0),NA,/Library/Frameworks/R.framework/Versions/3.6/Resources/library
pkgbuild,1.0.3,1.0.3,/Library/Frameworks/R.framework/Versions/3.6/Resources/library/pkgbuild,/Library/Frameworks/R.framework/Versions/3.6/Resources/library/pkgbuild,FALSE,FALSE,2019-03-20,CRAN (R 3.6.0),NA,/Library/Frameworks/R.framework/Versions/3.6/Resources/library
pkgconfig,2.0.2,2.0.2,/Library/Frameworks/R.framework/Versions/3.6/Resources/library/pkgconfig,/Library/Frameworks/R.framework/Versions/3.6/Resources/library/pkgconfig,FALSE,FALSE,2018-08-16,CRAN (R 3.6.0),NA,/Library/Frameworks/R.framework/Versions/3.6/Resources/library
pkgload,1.0.2,1.0.2,/Library/Frameworks/R.framework/Versions/3.6/Resources/library/pkgload,/Library/Frameworks/R.framework/Versions/3.6/Resources/library/pkgload,FALSE,FALSE,2018-10-29,CRAN (R 3.6.0),NA,/Library/Frameworks/R.framework/Versions/3.6/Resources/library
plotly,4.9.0,4.9.0,/Library/Frameworks/R.framework/Versions/3.6/Resources/library/plotly,/Library/Frameworks/R.framework/Versions/3.6/Resources/library/plotly,TRUE,FALSE,2019-04-10,CRAN (R 3.6.0),NA,/Library/Frameworks/R.framework/Versions/3.6/Resources/library
plyr,1.8.4,1.8.4,/Library/Frameworks/R.framework/Versions/3.6/Resources/library/plyr,/Library/Frameworks/R.framework/Versions/3.6/Resources/library/plyr,FALSE,FALSE,2016-06-08,CRAN (R 3.6.0),NA,/Library/Frameworks/R.framework/Versions/3.6/Resources/library
prettyunits,1.0.2,1.0.2,/Library/Frameworks/R.framework/Versions/3.6/Resources/library/prettyunits,/Library/Frameworks/R.framework/Versions/3.6/Resources/library/prettyunits,FALSE,FALSE,2015-07-13,CRAN (R 3.6.0),NA,/Library/Frameworks/R.framework/Versions/3.6/Resources/library
processx,3.4.1,3.4.1,/Library/Frameworks/R.framework/Versions/3.6/Resources/library/processx,/Library/Frameworks/R.framework/Versions/3.6/Resources/library/processx,FALSE,FALSE,2019-07-18,CRAN (R 3.6.0),NA,/Library/Frameworks/R.framework/Versions/3.6/Resources/library
promises,1.0.1,1.0.1,/Library/Frameworks/R.framework/Versions/3.6/Resources/library/promises,/Library/Frameworks/R.framework/Versions/3.6/Resources/library/promises,FALSE,FALSE,2018-04-13,CRAN (R 3.6.0),NA,/Library/Frameworks/R.framework/Versions/3.6/Resources/library
ps,1.3.0,1.3.0,/Library/Frameworks/R.framework/Versions/3.6/Resources/library/ps,/Library/Frameworks/R.framework/Versions/3.6/Resources/library/ps,FALSE,FALSE,2018-12-21,CRAN (R 3.6.0),NA,/Library/Frameworks/R.framework/Versions/3.6/Resources/library
purrr,0.3.2,0.3.2,/Library/Frameworks/R.framework/Versions/3.6/Resources/library/purrr,/Library/Frameworks/R.framework/Versions/3.6/Resources/library/purrr,TRUE,FALSE,2019-03-15,CRAN (R 3.6.0),NA,/Library/Frameworks/R.framework/Versions/3.6/Resources/library
qtl2hotspots,0.1.0,0.1.0,/Library/Frameworks/R.framework/Versions/3.6/Resources/library/qtl2hotspots,/Library/Frameworks/R.framework/Versions/3.6/Resources/library/qtl2hotspots,TRUE,FALSE,2019-07-26,local,NA,/Library/Frameworks/R.framework/Versions/3.6/Resources/library
R6,2.4.0,2.4.0,/Library/Frameworks/R.framework/Versions/3.6/Resources/library/R6,/Library/Frameworks/R.framework/Versions/3.6/Resources/library/R6,FALSE,FALSE,2019-02-14,CRAN (R 3.6.0),NA,/Library/Frameworks/R.framework/Versions/3.6/Resources/library
RColorBrewer,1.1.2,1.1-2,/Library/Frameworks/R.framework/Versions/3.6/Resources/library/RColorBrewer,/Library/Frameworks/R.framework/Versions/3.6/Resources/library/RColorBrewer,FALSE,FALSE,2014-12-07,CRAN (R 3.6.0),NA,/Library/Frameworks/R.framework/Versions/3.6/Resources/library
Rcpp,1.0.2,1.0.2,/Library/Frameworks/R.framework/Versions/3.6/Resources/library/Rcpp,/Library/Frameworks/R.framework/Versions/3.6/Resources/library/Rcpp,FALSE,FALSE,2019-07-25,CRAN (R 3.6.1),NA,/Library/Frameworks/R.framework/Versions/3.6/Resources/library
readr,1.3.1,1.3.1,/Library/Frameworks/R.framework/Versions/3.6/Resources/library/readr,/Library/Frameworks/R.framework/Versions/3.6/Resources/library/readr,TRUE,FALSE,2018-12-21,CRAN (R 3.6.0),NA,/Library/Frameworks/R.framework/Versions/3.6/Resources/library
readxl,1.3.1,1.3.1,/Library/Frameworks/R.framework/Versions/3.6/Resources/library/readxl,/Library/Frameworks/R.framework/Versions/3.6/Resources/library/readxl,FALSE,FALSE,2019-03-13,CRAN (R 3.6.0),NA,/Library/Frameworks/R.framework/Versions/3.6/Resources/library
registry,0.5.1,0.5-1,/Library/Frameworks/R.framework/Versions/3.6/Resources/library/registry,/Library/Frameworks/R.framework/Versions/3.6/Resources/library/registry,FALSE,FALSE,2019-03-05,CRAN (R 3.6.0),NA,/Library/Frameworks/R.framework/Versions/3.6/Resources/library
remotes,2.1.0,2.1.0,/Library/Frameworks/R.framework/Versions/3.6/Resources/library/remotes,/Library/Frameworks/R.framework/Versions/3.6/Resources/library/remotes,FALSE,FALSE,2019-06-24,CRAN (R 3.6.0),NA,/Library/Frameworks/R.framework/Versions/3.6/Resources/library
reshape2,1.4.3,1.4.3,/Library/Frameworks/R.framework/Versions/3.6/Resources/library/reshape2,/Library/Frameworks/R.framework/Versions/3.6/Resources/library/reshape2,FALSE,FALSE,2017-12-11,CRAN (R 3.6.0),NA,/Library/Frameworks/R.framework/Versions/3.6/Resources/library
rlang,0.4.0,0.4.0,/Library/Frameworks/R.framework/Versions/3.6/Resources/library/rlang,/Library/Frameworks/R.framework/Versions/3.6/Resources/library/rlang,FALSE,FALSE,2019-06-25,CRAN (R 3.6.0),NA,/Library/Frameworks/R.framework/Versions/3.6/Resources/library
rprojroot,1.3.2,1.3-2,/Library/Frameworks/R.framework/Versions/3.6/Resources/library/rprojroot,/Library/Frameworks/R.framework/Versions/3.6/Resources/library/rprojroot,FALSE,FALSE,2018-01-03,CRAN (R 3.6.0),NA,/Library/Frameworks/R.framework/Versions/3.6/Resources/library
rstudioapi,0.10,0.10,/Library/Frameworks/R.framework/Versions/3.6/Resources/library/rstudioapi,/Library/Frameworks/R.framework/Versions/3.6/Resources/library/rstudioapi,FALSE,FALSE,2019-03-19,CRAN (R 3.6.0),NA,/Library/Frameworks/R.framework/Versions/3.6/Resources/library
rvest,0.3.4,0.3.4,/Library/Frameworks/R.framework/Versions/3.6/Resources/library/rvest,/Library/Frameworks/R.framework/Versions/3.6/Resources/library/rvest,FALSE,FALSE,2019-05-15,CRAN (R 3.6.0),NA,/Library/Frameworks/R.framework/Versions/3.6/Resources/library
scales,1.0.0,1.0.0,/Library/Frameworks/R.framework/Versions/3.6/Resources/library/scales,/Library/Frameworks/R.framework/Versions/3.6/Resources/library/scales,FALSE,FALSE,2018-08-09,CRAN (R 3.6.0),NA,/Library/Frameworks/R.framework/Versions/3.6/Resources/library
seriation,1.2.7,1.2-7,/Library/Frameworks/R.framework/Versions/3.6/Resources/library/seriation,/Library/Frameworks/R.framework/Versions/3.6/Resources/library/seriation,FALSE,FALSE,2019-06-08,CRAN (R 3.6.0),NA,/Library/Frameworks/R.framework/Versions/3.6/Resources/library
sessioninfo,1.1.1,1.1.1,/Library/Frameworks/R.framework/Versions/3.6/Resources/library/sessioninfo,/Library/Frameworks/R.framework/Versions/3.6/Resources/library/sessioninfo,FALSE,FALSE,2018-11-05,CRAN (R 3.6.0),NA,/Library/Frameworks/R.framework/Versions/3.6/Resources/library
shiny,1.3.2,1.3.2,/Library/Frameworks/R.framework/Versions/3.6/Resources/library/shiny,/Library/Frameworks/R.framework/Versions/3.6/Resources/library/shiny,FALSE,FALSE,2019-04-22,CRAN (R 3.6.0),NA,/Library/Frameworks/R.framework/Versions/3.6/Resources/library
stringi,1.4.3,1.4.3,/Library/Frameworks/R.framework/Versions/3.6/Resources/library/stringi,/Library/Frameworks/R.framework/Versions/3.6/Resources/library/stringi,FALSE,FALSE,2019-03-12,CRAN (R 3.6.0),NA,/Library/Frameworks/R.framework/Versions/3.6/Resources/library
stringr,1.4.0,1.4.0,/Library/Frameworks/R.framework/Versions/3.6/Resources/library/stringr,/Library/Frameworks/R.framework/Versions/3.6/Resources/library/stringr,TRUE,FALSE,2019-02-10,CRAN (R 3.6.0),NA,/Library/Frameworks/R.framework/Versions/3.6/Resources/library
svglite,1.2.2,1.2.2,/Library/Frameworks/R.framework/Versions/3.6/Resources/library/svglite,/Library/Frameworks/R.framework/Versions/3.6/Resources/library/svglite,FALSE,FALSE,2019-05-17,CRAN (R 3.6.0),NA,/Library/Frameworks/R.framework/Versions/3.6/Resources/library
testthat,2.2.1,2.2.1,/Library/Frameworks/R.framework/Versions/3.6/Resources/library/testthat,/Library/Frameworks/R.framework/Versions/3.6/Resources/library/testthat,FALSE,FALSE,2019-07-25,CRAN (R 3.6.1),NA,/Library/Frameworks/R.framework/Versions/3.6/Resources/library
tibble,2.1.3,2.1.3,/Library/Frameworks/R.framework/Versions/3.6/Resources/library/tibble,/Library/Frameworks/R.framework/Versions/3.6/Resources/library/tibble,TRUE,FALSE,2019-06-06,CRAN (R 3.6.0),NA,/Library/Frameworks/R.framework/Versions/3.6/Resources/library
tidyr,0.8.3,0.8.3,/Library/Frameworks/R.framework/Versions/3.6/Resources/library/tidyr,/Library/Frameworks/R.framework/Versions/3.6/Resources/library/tidyr,TRUE,FALSE,2019-03-01,CRAN (R 3.6.0),NA,/Library/Frameworks/R.framework/Versions/3.6/Resources/library
tidyselect,0.2.5,0.2.5,/Library/Frameworks/R.framework/Versions/3.6/Resources/library/tidyselect,/Library/Frameworks/R.framework/Versions/3.6/Resources/library/tidyselect,FALSE,FALSE,2018-10-11,CRAN (R 3.6.0),NA,/Library/Frameworks/R.framework/Versions/3.6/Resources/library
tidyverse,1.2.1,1.2.1,/Library/Frameworks/R.framework/Versions/3.6/Resources/library/tidyverse,/Library/Frameworks/R.framework/Versions/3.6/Resources/library/tidyverse,TRUE,FALSE,2017-11-14,CRAN (R 3.6.0),NA,/Library/Frameworks/R.framework/Versions/3.6/Resources/library
TSP,1.1.7,1.1-7,/Library/Frameworks/R.framework/Versions/3.6/Resources/library/TSP,/Library/Frameworks/R.framework/Versions/3.6/Resources/library/TSP,FALSE,FALSE,2019-05-22,CRAN (R 3.6.0),NA,/Library/Frameworks/R.framework/Versions/3.6/Resources/library
usethis,1.5.1,1.5.1,/Library/Frameworks/R.framework/Versions/3.6/Resources/library/usethis,/Library/Frameworks/R.framework/Versions/3.6/Resources/library/usethis,FALSE,FALSE,2019-07-04,CRAN (R 3.6.0),NA,/Library/Frameworks/R.framework/Versions/3.6/Resources/library
vctrs,0.2.0,0.2.0,/Library/Frameworks/R.framework/Versions/3.6/Resources/library/vctrs,/Library/Frameworks/R.framework/Versions/3.6/Resources/library/vctrs,FALSE,FALSE,2019-07-05,CRAN (R 3.6.0),NA,/Library/Frameworks/R.framework/Versions/3.6/Resources/library
viridis,0.5.1,0.5.1,/Library/Frameworks/R.framework/Versions/3.6/Resources/library/viridis,/Library/Frameworks/R.framework/Versions/3.6/Resources/library/viridis,TRUE,FALSE,2018-03-29,CRAN (R 3.6.0),NA,/Library/Frameworks/R.framework/Versions/3.6/Resources/library
viridisLite,0.3.0,0.3.0,/Library/Frameworks/R.framework/Versions/3.6/Resources/library/viridisLite,/Library/Frameworks/R.framework/Versions/3.6/Resources/library/viridisLite,TRUE,FALSE,2018-02-01,CRAN (R 3.6.0),NA,/Library/Frameworks/R.framework/Versions/3.6/Resources/library
webshot,0.5.1,0.5.1,/Library/Frameworks/R.framework/Versions/3.6/Resources/library/webshot,/Library/Frameworks/R.framework/Versions/3.6/Resources/library/webshot,FALSE,FALSE,2018-09-28,CRAN (R 3.6.0),NA,/Library/Frameworks/R.framework/Versions/3.6/Resources/library
withr,2.1.2,2.1.2,/Library/Frameworks/R.framework/Versions/3.6/Resources/library/withr,/Library/Frameworks/R.framework/Versions/3.6/Resources/library/withr,FALSE,FALSE,2018-03-15,CRAN (R 3.6.0),NA,/Library/Frameworks/R.framework/Versions/3.6/Resources/library
xfun,0.8,0.8,/Library/Frameworks/R.framework/Versions/3.6/Resources/library/xfun,/Library/Frameworks/R.framework/Versions/3.6/Resources/library/xfun,FALSE,FALSE,2019-06-25,CRAN (R 3.6.0),NA,/Library/Frameworks/R.framework/Versions/3.6/Resources/library
xml2,1.2.0,1.2.0,/Library/Frameworks/R.framework/Versions/3.6/Resources/library/xml2,/Library/Frameworks/R.framework/Versions/3.6/Resources/library/xml2,FALSE,FALSE,2018-01-24,CRAN (R 3.6.0),NA,/Library/Frameworks/R.framework/Versions/3.6/Resources/library
xtable,1.8.4,1.8-4,/Library/Frameworks/R.framework/Versions/3.6/Resources/library/xtable,/Library/Frameworks/R.framework/Versions/3.6/Resources/library/xtable,FALSE,FALSE,2019-04-21,CRAN (R 3.6.0),NA,/Library/Frameworks/R.framework/Versions/3.6/Resources/library
yaml,2.2.0,2.2.0,/Library/Frameworks/R.framework/Versions/3.6/Resources/library/yaml,/Library/Frameworks/R.framework/Versions/3.6/Resources/library/yaml,FALSE,FALSE,2018-07-25,CRAN (R 3.6.0),NA,/Library/Frameworks/R.framework/Versions/3.6/Resources/library
zeallot,0.1.0,0.1.0,/Library/Frameworks/R.framework/Versions/3.6/Resources/library/zeallot,/Library/Frameworks/R.framework/Versions/3.6/Resources/library/zeallot,FALSE,FALSE,2018-01-28,CRAN (R 3.6.0),NA,/Library/Frameworks/R.framework/Versions/3.6/Resources/library
